,precision,recall,f1-score,support
0,0.8958333333333334,1.0,0.945054945054945,43.0
1,1.0,0.8863636363636364,0.9397590361445783,44.0
2,1.0,1.0,1.0,41.0
accuracy,0.9609375,0.9609375,0.9609375,0.9609375
macro avg,0.9652777777777778,0.962121212121212,0.961604660399841,128.0
weighted avg,0.9650065104166667,0.9609375,0.9608340642790945,128.0
