,precision,recall,f1-score,support
0,0.9607843137254902,1.0,0.98,49.0
1,1.0,1.0,1.0,40.0
2,1.0,0.9487179487179487,0.9736842105263158,39.0
accuracy,0.984375,0.984375,0.984375,0.984375
macro avg,0.9869281045751634,0.982905982905983,0.984561403508772,128.0
weighted avg,0.9849877450980392,0.984375,0.9843256578947368,128.0
