,precision,recall,f1-score,support
0,0.975609756097561,0.975609756097561,0.975609756097561,41.0
1,0.9761904761904762,0.9761904761904762,0.9761904761904762,42.0
2,1.0,1.0,1.0,45.0
accuracy,0.984375,0.984375,0.984375,0.984375
macro avg,0.983933410762679,0.983933410762679,0.983933410762679,128.0
weighted avg,0.984375,0.984375,0.984375,128.0
