0,1,2,accuracy,macro avg,weighted avg
1.0,0.9777777777777777,0.7407407407407407,0.8828125,0.9061728395061728,0.9093171296296295
0.6744186046511628,1.0,0.975609756097561,0.8828125,0.8833427869162412,0.8828125
0.8055555555555556,0.9887640449438202,0.8421052631578947,0.8828125,0.8788082878857568,0.8802408019991458
43.0,44.0,41.0,0.8828125,128.0,128.0
