0,1,2,accuracy,macro avg,weighted avg
0.9714285714285714,1.0,0.8163265306122449,0.921875,0.9292517006802722,0.9315688775510205
0.7906976744186046,1.0,0.975609756097561,0.921875,0.9221024768387219,0.921875
0.8717948717948717,1.0,0.888888888888889,0.921875,0.9202279202279202,0.921340811965812
43.0,44.0,41.0,0.921875,128.0,128.0
