0,1,2,accuracy,macro avg,weighted avg
1.0,1.0,0.9761904761904762,0.9921875,0.9920634920634921,0.9923735119047619
0.9767441860465116,1.0,1.0,0.9921875,0.9922480620155039,0.9921875
0.988235294117647,1.0,0.9879518072289156,0.9921875,0.9920623671155209,0.9921886073706592
43.0,44.0,41.0,0.9921875,128.0,128.0
