,precision,recall,f1-score,support
0,0.9803921568627451,0.9803921568627451,0.9803921568627451,51.0
1,1.0,1.0,1.0,44.0
2,0.9696969696969697,0.9696969696969697,0.9696969696969697,33.0
accuracy,0.984375,0.984375,0.984375,0.984375
macro avg,0.9833630421865717,0.9833630421865717,0.9833630421865717,128.0
weighted avg,0.984375,0.984375,0.984375,128.0
