,AUC (image),AUC (pixel),AUPRO
carpet,0.9963884430176566,0.8230947772948178,0.5552316339029512
grid,0.9164578111946533,0.708565980485639,0.5720527643338621
leather,0.9949048913043478,0.771286405093947,0.6376194409754092
tile,0.9935064935064934,0.8352639813126408,0.6506165294557733
wood,0.9921052631578948,0.5590790360063572,0.41146631355813224
average,0.9786725804362092,0.7394580360386803,0.5653973364452256
