,AUC (image),AUC (pixel),AUPRO
carpet,0.9987961476725522,0.8631510030021856,0.7444784610960823
grid,0.9774436090225562,0.8059721407953376,0.6471614166200539
leather,0.9996603260869565,0.736107553761137,0.6941489967774439
tile,0.9801587301587302,0.7617238132292895,0.5832278894392394
wood,1.0,0.5759937564989326,0.5020543049138946
average,0.991211762588159,0.7485896534573765,0.634214213769343
