,AUC (pixel),AUPRO
carpet,0.987734713896814,0.950040308143858
grid,0.9526153183040152,0.8751922592109106
leather,0.9866246661827226,0.9704423733827565
tile,0.9186736553222559,0.7942701410249131
wood,0.9209910068866676,0.8276707016219804
average,0.9533278721184949,0.8835231566768836
