,AUC (pixel),AUPRO
carpet,0.9877347120635969,0.9500403150564437
grid,0.952615350922506,0.8751922853900123
leather,0.9866246704767314,0.9704423822091848
tile,0.9186736832375644,0.7942702098385799
wood,0.9209910362854734,0.8276707433800481
average,0.9533278905971745,0.8835231871748537
