,auc (image level),f1 (image level)
bottle,1.0,1.0
cable,0.7479757085020243,0.591304347826087
capsule,0.7019725557461406,0.20168067226890757
grid,0.8955722639933166,0.8349514563106796
screw,0.4266711007648819,0.27586206896551724
tile,0.9390331890331891,0.9079754601226993
toothbrush,0.7527777777777778,0.7719298245614035
zipper,0.973604826546003,0.9494949494949494
