,precision,recall,f1-score,support
0,0.8636363636363636,0.8837209302325582,0.8735632183908046,43.0
1,0.8636363636363636,0.8636363636363636,0.8636363636363636,44.0
2,1.0,0.975609756097561,0.9876543209876543,41.0
accuracy,0.90625,0.90625,0.90625,0.90625
macro avg,0.9090909090909092,0.9076556833221608,0.9082846343382741,128.0
weighted avg,0.9073153409090909,0.90625,0.9066956683695189,128.0
