0,1,2,accuracy,macro avg,weighted avg
0.8260869565217391,0.875,0.9761904761904762,0.890625,0.8924258109040718,0.8909808488612836
0.8837209302325582,0.7954545454545454,1.0,0.890625,0.8930584918957013,0.890625
0.853932584269663,0.8333333333333334,0.9879518072289156,0.890625,0.8917392416106372,0.8897796241144353
43.0,44.0,41.0,0.890625,128.0,128.0
