0,1,2,accuracy,macro avg,weighted avg
0.85,0.9375,0.8571428571428571,0.875,0.8815476190476191,0.8736328124999999
0.8095238095238095,1.0,0.8571428571428571,0.875,0.8888888888888888,0.875
0.8292682926829269,0.967741935483871,0.8571428571428571,0.875,0.8847176951032183,0.8739181746656177
21.0,15.0,28.0,0.875,64.0,64.0
