,precision,recall,f1-score,support
0,0.925,0.8604651162790697,0.891566265060241,43.0
1,0.8723404255319149,0.9318181818181818,0.9010989010989012,44.0
2,1.0,1.0,1.0,41.0
accuracy,0.9296875,0.9296875,0.9296875,0.9296875
macro avg,0.9324468085106382,0.9307610993657506,0.930888388719714,128.0
weighted avg,0.9309217087765957,0.9296875,0.929575789421422,128.0
